id,question,gold,n_entities,n_entities_present,all_entities_present,substring_covered,context_chars
3hop1__390673_228453_86925,What is the manufacturer of the Kentucky Tavern headquarters location saints symbol called?,fleur - de-lis,3,1,False,False,44566
3hop2__9951_20335_9331,"What dissolved the privileges in Poland of the empire that the British sided with against the Ottomans, the Kingdom that acquired some Thuringian territory in 1815, and the Habsburg Monarchy?",March Constitution of Poland,3,2,False,True,45197
2hop__693444_220151,Who is the spouse of Young Man Luther's author?,Joan Erikson,2,1,False,False,42715
4hop1__606685_508773_85832_745702,Whose father was a navigator who explored the east coast of the continental region where Sergio Villanueva would later be born?,Sebastian Cabot,4,4,True,True,46070
3hop2__30152_105395_20999,"How were the people that the Somali Muslim Ajuran Empire made coins to proclaim independence from, expelled from the country where Star Cola is produced?",The dynasty regrouped and defeated the Portuguese,3,2,False,False,45961
3hop1__102087_214799_259594,"What is the three letter abbreviation for the country, which maintains border troops, that claims Bernd Baumgart as a citizen?",GDR,3,1,False,True,46013
3hop1__617062_127905_86588,What is the longest home run in the history of the league that Jim Wilson's team is a part of?,582 feet (177 m),3,3,True,True,40682
2hop__73717_653666,Who was the mother of the person who found the sacred writings that became the Book of Mormon?,Lucy Mack Smith,2,2,True,True,46632
2hop__569582_304416,What record label is the performer of Almost Made Ya signed to?,Derrty Entertainment,2,2,True,True,41706
3hop1__373866_5189_63702,When did the U.S. and the country in effective control of political and military functions of the group the People's Socialist Republic of Albania was a member of become allies?,June 1941,3,3,True,True,50740
2hop__390947_232243,What is the goal of the group that European Movement Germany is a member of?,European integration,2,2,True,True,52777
3hop2__132957_295815_40768,"When did the maker of the Acura Legend, the manufacturer of Toyopet Master, and Nissan open US assembly plants?",1981,3,3,True,True,40966
3hop1__139787_88110_77129,What was the first OS to support Hyper-V from the company the letters MS stands for in the network that broadcasts Buchanan & Press?,Windows 8,3,3,True,True,43244
2hop__242938_18803,What did M. King Hubbert's employer announce it was in the process of doing in April 2010?,trying to find a potential buyer for all of its operations in Finland,2,1,False,True,43365
2hop__998_25839,What is the maximum load drawn by the 1.0 and 2.0 versions of the device that replaced FireWire in later iPods?,five unit loads,2,2,True,True,47046
3hop1__145212_443779_52195,Arie Supriyatna's birth country was one participant in a Commission of Truth and Friendship. Who is the president of the other country that participated?,Francisco Guterres,3,2,False,False,41154
2hop__821197_368148,In which county is Southern Maryland Electric Cooperative headquartered?,Charles County,2,2,True,True,46602
3hop1__639955_834494_34099,How long are the council terms of the city that shares a county with Helvetia?,four-year,3,3,True,True,41406
4hop3__524186_219173_638950_72134,When did the city where Greenwood Laboratory School is located become capitol of the state where the screenwriter of The Poor Boob was born?,1839,4,3,False,False,42217
2hop__92385_2072,What is the public library system called in the place where the Cosbys live in New York?,Brooklyn Public Library,2,2,True,True,45823
3hop1__857_846_7791,How many parties rule the city where the Yongle emperor greeted the person to whom the edict was addressed?,one-party,3,2,False,False,44344
2hop__363216_787353,Where is the headquarters of the 1st Combat Communication Squadron located?,Ramstein-Miesenbach,2,1,False,False,43355
3hop1__9285_5188_63702,"When did the country where the top-ranking Warsaw Pact operatives originated, despite its being headquartered in the nation known as the nobilities commonwealth, become allies with the US?",June 1941,3,3,True,True,50727
2hop__56806_7298,What pop artist started his career on adult contemporary radio along with the subject of the song The One That Got Away?,Michael Bublé,2,2,True,True,46266
2hop__347686_127399,In what year was the group who performed Attics To Eden formed?,2005,2,2,True,True,44153
2hop__586343_83289,Who is the guy in the video of the performer of One Last Time?,Matt Bennett,2,2,True,True,43905
2hop__88372_83837,Who sings home alone tonight with the singer of you can crash my party anytime?,Karen Fairchild,2,2,True,True,41754
3hop1__152880_131926_90707,Where does the body of water by the city Astronautalis is from and the Ohio River meet?,"at the city of Cairo, Illinois",3,3,True,True,45838
2hop__88149_807969,The all time top goal scorer in premier league in one season is a member of what team?,Egypt national football team,2,1,False,False,45273
2hop__51760_122023,What is the name of the university that educated the character that Mel Brooks plays in Mr. Peabody and Sherman?,Luitpold Gymnasium,2,1,False,False,42551
2hop__273020_57594,What gun was used by Pollack's director in Westworld?,LeMat revolver,2,2,True,True,42749
3hop1__662413_42197_18397,Where did the arguer that Kirill Eskov's country of citizenship had become an imperialist power declare he would intervene in the Korean conflict?,the Politburo,3,3,True,True,44352
2hop__61318_362941,What is the place of birth of the person who submitted the first version of the equal rights amendment to congress in 1923?,Mount Laurel Township,2,1,False,False,49815
2hop__52283_75184,Who play's Marty's girlfriend in back to the future?,Claudia Wells,2,2,True,True,46581
2hop__747667_52835,Who wrote Turn Me On by the Thinking About You performer?,John D. Loudermilk,2,2,True,True,47663
3hop1__146155_131905_41948,"Besides the body of water by the city where Nicolaus Schuback died and the Irish Channel, what else was lowered in the last cold phase?",English Channel,3,3,True,True,47083
3hop1__857_846_7890,How many places of higher learning are in the city where the Yongle emperor greeted the person to whom the edict was addressed?,75,3,3,True,True,46743
2hop__32254_84601,When did the spacecraft that detected storms on Neptune leave our solar system?,"August 30, 2007",2,2,True,True,49108
4hop1__94201_642284_131926_89261,Where does the body of water by the city where the Southeast Library designer died empty into the Gulf of Mexico?,the Mississippi River Delta,4,2,False,True,45557
2hop__401710_456439,Who is the spouse of the producer of Dolores Claiborne?,Helen Mirren,2,2,True,True,41295
3hop1__131820_59747_43101,The Real Housewives series from the largest city of the state where WEKL transmits started when?,"October 7, 2008",3,3,True,True,46158
2hop__24648_192417,What is the league of the Carolina Panthers an example of?,sports league,2,2,True,True,48278
4hop1__846600_153080_33897_81096,Who won the Indy car race in the largest populated city in the state where the performer of A Modern Jazz Symposium of Music and Poetry is from?,Mario Andretti,4,4,True,True,42711
3hop1__462125_538202_84283,Who is the owner of the record label that the performer of Days of Our Lives is on?,Warner Music Group,3,2,False,True,42930
2hop__16581_16569,What tribe did the wife of the person who first brought postal service to Umayyad lands belong to?,Kalb,2,2,True,True,42036
2hop__827940_277334,Which child of the author of One More Time helped adapt it into a play?,Carrie Hamilton,2,2,True,True,44075
3hop1__169494_42197_18397,Where did the arguer that Dmitry Okhotsimsky's country of citizenship had become an imperialist power declare he would intervene in the Korean conflict?,the Politburo,3,3,True,True,45234
4hop1__178366_229349_66759_75165,There is a state A where Storm of the Century was filmed based on the book by the author who wrote a short story featuring the author of This Is My God. What is the population of state A?,"1,335,907",4,2,False,True,44755
2hop__20256_74481,The Freddie Mercury film's producer played who in Godfather 2?,Vito Corleone,2,2,True,True,44763
3hop1__694534_160088_73916,What is the average yearly income for a person of the same nationality as the creator of MacGruder and Loud?,"$72,641",3,3,True,True,46734
2hop__66708_573255,Who was the spouse of the person the Bible says was the first king of Israel?,Ahinoam,2,2,True,True,42865
4hop1__88342_75218_128008_46894,Who had the lowest batting average in the league where the team with the most games in the series after which the MLB MVP is awarded played?,Bill Bergen,4,3,False,True,44313
2hop__12039_11957,What geological event caused the foundations of the land beneath the city where most university graduates stay after acquiring a degree?,erosion of the Rocky Mountains,2,2,True,True,45097
4hop1__638988_17130_70784_61381,When was the region immediately north of the region where the country in which Aluf can be found is located and the Persian Gulf established?,1932,4,4,True,True,47522
2hop__35686_58556,What is the food safety system of the antibiotic approval agency known as?,Food Safety Modernization Act (FSMA),2,2,True,True,48581
3hop2__90098_156850_10557,"What was the form of the language that the last name Sylvester comes from, used in the era of Fastrada's spouse, later known as?",Medieval Latin,3,3,True,True,45529
2hop__17455_21567,Who introduced a system of musical notation used in the region the Romans aimed to re-bolster influence in after the Second Punic war in the 14th century?,John Kukuzelis,2,2,True,True,45918
2hop__53937_92673,Where is the place where Rudolph the red-nosed reindeer lives on the world map?,latitude 90 ° North,2,1,False,False,45155
2hop__31124_31093,What nationality was the notable subjective idealist?,Irish,2,2,True,True,48149
4hop1__696484_49925_13759_736921,Where is the district that the person who wanted to reform and address Bernhard Lichtenberg's religion preached a sermon on Marian devotion before his death located?,Saxony-Anhalt,4,4,True,True,43940
2hop__78401_158262,When did the person chosen to be president of the confederacy end his fight in the Mexican-American war?,1848,2,2,True,True,49786
2hop__17854_17873,What happened to Buckingham Palace after the first monarch to reside there left?,"palace was seldom used, even neglected",2,2,True,True,48426
4hop3__862_846_613770_7713,How long was the place where the Yongle Emperor greeted who the Ming court thought representatives were sent by the capitol of the city in which Guangling District is located?,about 400 years,4,4,True,True,46059
2hop__504464_708278,Who was the company preceding Metalmark Capital named after?,Harold Stanley,2,1,False,False,43501
2hop__107238_64918,Who was president when congress declared war on the country where Glumpers was filmed?,President McKinley,2,1,False,False,50257
2hop__107601_110222,When is the birthday of the creator of Le ruisseau noir?,10 June 1819,2,1,False,False,40645
3hop1__208108_547811_80702,What is the name of the famous bridge in the city where the composer of La Silvia was born?,Rialto Bridge,3,3,True,True,40406
3hop1__390673_228453_10972,When did the headquarters city of Kentucky Tavern's manufacturer elect its first black mayor?,1970s,3,3,True,True,44398
2hop__364489_861485,Where is the location of the headquarters of the publisher of Bamboo Among the Oaks?,Minnesota History Center,2,1,False,False,42605
3hop1__140514_2053_5289,"What UK label was bought by the company which, along with ABC and the network which hosts Hero High, is the other major broadcaster based in NY?",Oriole Records.,3,2,False,False,43437
3hop1__465684_160545_60577,Where did they film The Beach in the country where Bodindecha died?,Ko Phi Phi Leh,3,3,True,True,42448
2hop__5658_25002,How long did the pact last between Kravchuk and the person who signed the decree suspending the Communist Party of the Russian SFSR?,10-year,2,2,True,True,49498
3hop1__801799_547811_80702,What is the name of the famous bridge in the place of birth of the composer of La fida ninfa?,Rialto Bridge,3,3,True,True,41732
2hop__799936_20273,What year did the author of The First Blast of the Trumpet Against the Monstruous Regiment of Women die?,1572,2,2,True,True,46934
3hop1__786067_228453_10972,When did the city that headquarters the manufacturer of McAfee's benchmark elect its first black Mayor?,1970s,3,3,True,True,43207
2hop__123148_5385,How many people work in Susan Winchester's alma mater?,"11,900",2,1,False,False,46248
3hop1__275261_443779_52195,Who is the president of the newly declared independent country that formed the Timor Leste Commission of Truth and Friendship with the country where Pantar is found?,Francisco Guterres,3,3,True,True,44490
2hop__576118_25719,At the end of which year did tribes from the area where Linear Pottery culture was found invade the Roman Empire?,406,2,2,True,True,50839
2hop__829358_754719,What administrative territorial entity does Darley Ramon Torres's place of birth located?,Minas Gerais,2,2,True,True,43319
3hop1__105837_160713_77246,what is meaning of the word that is a majority religion of the area that became India when the country origin of Mizraab was created in Arabic dictionary?,the country of India,3,3,True,True,46641
2hop__280451_84616,What did the spouse of Andrea Dotti win a Tony for?,for Best Performance by a Leading Actress in a Play in Ondine,2,2,True,True,42039
2hop__487706_40502,What was the population of the republic that participated in The Battle of the Kentish Knock before this emigration?,2 million,2,1,False,False,43033
2hop__9285_42311,What's the largest med school in what was the nobilities commonwealth?,Medical University of Warsaw,2,2,True,True,47064
2hop__347652_47134,What is the mascot of the institution that owns Memorial Union?,Benny Beaver,2,2,True,True,44210
2hop__68322_510545,Who is the spouse of the actor that plays Jarvis in the Avengers Age of Ultron?,Jennifer Connelly,2,1,False,False,40071
3hop1__604991_339990_15538,When did the state that Frozen Run is located in reinstate the death penalty?,1984,3,3,True,True,50192
2hop__157376_643670,Of which watercourse is the river the Willemsbrug crosses over the mouth?,Het Scheur,2,2,True,True,42402
2hop__455158_247871,What county is the NRHEG High School located in?,Waseca County,2,2,True,True,43239
2hop__494659_5385,How many people work at the school that holds the Julian P. Kanter Political Commercial Archive?,"11,900",2,1,False,False,50037
2hop__813461_31270,How many miles are there between Nashville and the place in Tennessee where Mark Day was born?,45,2,2,True,True,46546
3hop1__106239_650651_7262,Who was a prominent figure at the radio division of the broadcast company that created the version of The Biggest Loser set in the country where Kelupis originated?,Walter Sabo,3,2,False,True,40832
2hop__10515_21567,Who introduced a system of musical notation in the 14th century that is used in the area where most of the invasion of the eastern Roman Empire took place?,John Kukuzelis,2,2,True,True,49980
2hop__673655_316668,What instrument is played by the person from The Blackout All-Stars?,conga,2,2,True,True,43775
3hop2__230_89048_66294,Who played the singer of is She Really Going Out With Him in the movie based on the artist whose concert was the first Beyonce attended?,Lawrence Hilton - Jacobs,3,1,False,False,42452
4hop1__271272_508773_85832_745702,What is the name of the child of the Italian navigator who sailed for England and explored the east coast of the continent Francisco Vázquez' birthplace is located?,Sebastian Cabot,4,3,False,True,44011
3hop1__353661_629431_64412,When did the city where the author of Sacerdotii Nostri Primordia died become its own country?,11 February 1929,3,3,True,True,43481
3hop2__132957_379231_40768,"When did Nissan, the Acura Legend maker and the Scion xD manufacturer open US assembly plants?",1981,3,3,True,True,47447
4hop1__343844_17130_70784_61381,When was the country established that lies immediately north of the Persian Gulf and the region where the country containing Urim is located?,1932,4,4,True,True,47172
2hop__603598_25719,At the end of what year did the tribes from the place where the Rossen culture is located invade the Roman Empire?,406,2,2,True,True,46053
2hop__66149_85990,Who were the leaders of the opposition party that was created as a result of the kansas-nebraska act?,"anti-slavery activists, modernizers, ex Whigs and ex Free Soilers",2,2,True,True,45042
3hop1__140345_2053_52946,"When is Celebrity Big Brother coming to the network which, along with ABC and the network which aired Law of the Plainsman, is the other major broadcaster based in NY?","February 7, 2018",3,3,True,True,47181
2hop__474885_22402,How many students attend the school that granted Francis Travis a Ph.D.?,"nearly 25,000",2,1,False,True,44225
4hop3__316459_41402_145282_13584,"Besides areas of the country that gained control of Florida after the conflict Charles Edmund Nugent participated in, what other differences are there between Paco Godia's birthplace and Real Madrid?",two cities,4,3,False,True,40515
3hop1__104762_24918_24991,What went down after the Soviet president visiting the country of citizenship of Yasyn Khamid while the protests were taking place departed from the Kremlin?,Soviet flag,3,3,True,True,48218
3hop1__857_846_7702,What is the meaning of the name of the city where the Yongle emperor greeted the person to whom the edict was addressed?,"""Southern Capital""",3,2,False,True,46654
4hop1__39871_314549_131976_56103,"When do hurricanes occur in the ocean that borders the state where Williamsburg, Main Street Station and another share a track?",usually in the summer or fall,4,4,True,True,49379
2hop__646573_83769,"Who did the creator of Push, Nevada play in Dazed and Confused?",Fred O'Bannion,2,2,True,True,43753
4hop1__813171_153080_33897_81096,Who won the indy car race in the largest populated city in the state that the performer of Changes Two is from?,Mario Andretti,4,3,False,True,44429
3hop1__838590_831637_91775,What does seal stand for in the U.S. military branch that operates a list of destroyer classes and the USS Stag?,"Sea, Air, and Land",3,3,True,True,47760
4hop1__860115_798482_131926_90707,Where does the body of water by the city that shares a border with Elizabeth Berg's birthplace and Ohio River meet?,"at the city of Cairo, Illinois",4,4,True,True,45855
4hop3__316459_41402_146281_13584,"A country gained control of Florida after the war in which Charles Edmund Nugent saw action. Besides their locations in that country, what other differences are there between Real Madrid and the football team from the city where Aleran died?",two cities,4,4,True,True,43042
2hop__819974_129669,In which state is Póvoa de Santa Iria's municipality located?,Lisbon District,2,1,False,True,40406
2hop__689472_52835,Who wrote the song turn me on that is performed by performer of Feelin' the Same Way?,John D. Loudermilk,2,2,True,True,43725
4hop1__342858_131850_33952_33939,What was the population in 1900 of the second largest city in the US state having the Library District of the county containing Yuma?,"7,531",4,4,True,True,43440
4hop1__88342_49853_128008_86588,What's the longest homer in the history of the league where the team with the most titles from the event after which they give out the MLB MVP award plays?,582 feet (177 m),4,3,False,True,46326
3hop2__569322_467331_162182,In what region of the country of S-Fone is the location of the administrative territorial entity of Zone 5 Military Museum located?,South Central Coast,3,3,True,True,44125
4hop2__71753_648517_70784_61381,When was the region that lies to the north of the region Israel is located and where the Battle of Qurah and Umm al Maradim is took place established?,1932,4,4,True,True,48092
3hop2__831456_223623_162182,In what region of the country where Sa Thay is located is John Phan's birthplace?,South Central Coast,3,3,True,True,42586
2hop__511176_22458,What does the acronym of the organization Danish Football Union is part of stand for?,International Federation of Association Football,2,2,True,True,44467
2hop__358582_189042,What is the record label of the Thrill of a Lifetime performer?,New Renaissance Records,2,2,True,True,41306
2hop__35418_22458,What does the acronym of the organization that said there is no historical connection to association football with any other game outside of Europe stand for?,International Federation of Association Football,2,2,True,True,49629
3hop2__781093_223623_162182,In what region of the country where Lam Thao is located is John Phan's birthplace?,South Central Coast,3,2,False,False,37918
2hop__557743_92763,What is the enrollment at Henry Latimer's alma mater?,"16,801",2,2,True,True,46154
2hop__81379_84616,For what did the singer of the original version of Moon River win a Tony award?,for Best Performance by a Leading Actress in a Play in Ondine,2,2,True,True,44678
3hop1__409517_547811_80702,What is the name of the famous bridge in the birth city of the composer of Scanderbeg?,Rialto Bridge,3,3,True,True,40300
2hop__85463_54688,What type of government did North Korea have during the conflict when UN troops approached the Yalu River?,a communist government,2,2,True,True,43824
4hop1__39871_314549_131976_44892,"A line with Williamsburg, Main Street and another station are in a state that's next to an ocean. When did that ocean start to open up?",around 140 million years ago,4,3,False,False,47488
2hop__536283_67465,When did the performer of Watching Movies release Best Day Ever?,"March 11, 2011",2,2,True,True,41979
2hop__776637_87295,Who does the cast member from Julie play in Princess Diaries?,Queen dowager Clarisse Renaldi,2,2,True,True,44801
3hop2__222979_380281_40768,"When did the team that John Surtees is a member of, the owner of Scion, and Nissan open US assembly plants?",1981,3,3,True,True,45253
3hop1__17192_78396_54865,"When were the American colonies lost by the country that owned the region that secured southern Lebanon in 1978, before it achieved country status?",1776,3,3,True,True,49344
3hop1__475351_160713_77246,"In the Arabic dictionary, what's the meaning of the word for the majority religion in the area of British India that became India when Dourkhan's country was created?",the country of India,3,3,True,True,48951
2hop__391873_88622,Who is the head of the agency that created MYSTIC?,ADM Michael S. Rogers,2,1,False,False,44512
2hop__46376_158105,Which two features were played up by the highest paid person in the world?,ease of use and enhanced support for Plug and Play,2,1,False,False,43172
4hop2__797545_14670_8987_8974,"A country's military branch, which in the US contains the Air Defense Artillery, was unprepared for the invasion of the country whose ccTLD was "".cs"". The unprepared country was the only communist country to have an embassy where?",Alfredo Stroessner's Paraguay,4,4,True,True,48644
4hop1__129721_32392_823060_610794,What county is the city that shares a border with the state capital of the state where Zubly Cemetery is located in?,Richland County,4,1,False,False,40365
4hop1__145422_698949_157828_162309,"When did the country, that has the original language of the film named after Vladimir Karalić's birthplace as a co-official language, first attend the Olympics as an independent team?",2016,4,4,True,True,44704
3hop1__801799_547811_41132,How many times did plague occur in the birth city of the composer of La fida ninfa?,22,3,3,True,True,46326
2hop__252311_366220,Who founded the company that distributed the film UHF?,Mike Medavoy,2,2,True,True,43584
2hop__96414_159054,What was the story of the character from The Bourne Ultimatum based on?,the novel of the same name by Robert Ludlum,2,2,True,True,42719
3hop2__89854_90327_76291,When did the party that hold the majority in the House of Reps take control of the branch that approves members of the American cabinet?,January 2015,3,3,True,True,51210
4hop1__341777_508773_85832_745702,"Who was the child of the Italian navigator who sailed for England, and explored the eastern coast of the continent where the birthplace of Eduardo Cuervo is found?",Sebastian Cabot,4,4,True,True,45215
2hop__59612_50883,The London broil cut comes from a country with an emergency response guidebook with response guides in which section?,"The fourth section, with orange page borders",2,2,True,True,44995
4hop1__567737_141375_458768_33677,When was the most recent Bicycle Friendly Community Award given to the city where the company Study in Brown's record label is part of is headquartered?,2013,4,4,True,True,44844
2hop__267938_92763,What is the enrollment at Jack Clay's employer?,"16,801",2,1,False,False,44301
2hop__95687_577502,Who is the spouse of the leading actor in the film The 6th Day?,Maria Shriver,2,1,False,False,42435
3hop1__307152_400692_51423,What is the name of the castle in the city where the performer of Fall was born?,Casa Loma,3,0,False,False,43266
2hop__82713_84616,What did the actress in My Fair Lady win a Tony for?,for Best Performance by a Leading Actress in a Play in Ondine,2,2,True,True,42428
4hop1__46196_497223_15840_36014,What was Nintendo's limit on games per developer per year for the platform supporting the video game named after the sports organisation in charge of the Super Bowl halftime show?,five,4,4,True,True,48646
2hop__170914_152093,"What label is responsible for the performer of ""Friend Like That""?",Fair Trade Services,2,2,True,True,43033
4hop1__58323_375563_161848_44231,"During WW2, who was the leader of the country near the country of citizenship of the writer of The Book Thief?",Michael Joseph Savage,4,2,False,False,48326
2hop__731584_700117,In which county is the city to which KKVU is licensed to broadcast?,Berrien County,2,1,False,False,40602
3hop2__125104_90098_10557,What was where the last name sylvester comes from of who was Rotrude's father's era later known as?,Medieval Latin,3,2,False,False,41463
3hop1__31995_24918_24939,The leader visiting where Steven Spielberg's grandparents are from met with whom on November 22?,Pope John Paul II,3,1,False,False,49337
2hop__73069_88165,Who did the person considered the founder of three major monotheistic religions marry after the death of Sarah?,Keturah,2,2,True,True,49445
2hop__848156_130869,What state contains the place where Fatata te Miti is displayed?,"Washington, D.C.",2,2,True,True,38629
4hop1__163763_49925_13759_736921,Where is the district that the person who wanted to reform and address Jesus Varela's religion preached a sermon on Marian devotion before his death located?,Saxony-Anhalt,4,3,False,False,45632
4hop1__93601_46196_497223_15840,What is the abbreviated name of the exclusive platform of the video game named for the league with a halftime event just before the publishers clearing house sweepstakes drawing.,NES,4,4,True,True,42874
3hop1__103440_443779_52195,Kiwil's birth country participated in a Commission of Truth and Friendship. Who is the president of the other country that participated?,Francisco Guterres,3,3,True,True,42113
3hop1__103180_214799_259594,What is the country of the border troops of the country of the literature of the country Wilfried Grobner was in?,GDR,3,2,False,True,42697
2hop__678516_179720,Who was married to the creator of Ruby Loftus Screwing a Breech Ring?,Harold Knight,2,1,False,False,40877
3hop2__132957_133264_40768,"When did Nissan, the Acura Legend maker and the Scion Fuse manufacturer open US assembly plants?",1981,3,3,True,True,45698
2hop__587048_621800,What administrative territorial entity does Heinrich Gross's birth place located?,Senica District,2,1,False,False,44241
3hop2__87184_90327_76291,When did the majority party in the House of Representatives gain control of the body which approves members of the Cabinet?,January 2015,3,2,False,False,52125
4hop2__161602_426860_88460_63559,When was Burma's name changed to that of the country on the natural boundary between the country that hosted the tournament and the country where That Dam is from?,1235,4,4,True,True,47226
3hop2__304722_330033_63959,When was the last time Tony Richard's team beat the 1894-95 FA Cup Winner?,1 December 2010,3,3,True,True,43573
2hop__556426_9237,When did the first mosque open where Air Marshall Islands is headquartered?,September 2012,2,2,True,True,47760
2hop__471509_136043,The Nicole and Natalie album's band is named after who?,Natalie Albino,2,2,True,True,44149
2hop__517145_367341,Who is the child of the cast member of Green Ice?,Tatum O'Neal,2,2,True,True,40688
4hop2__9988_158279_70784_79935,"When was the region that lies to the north of what used to be known as the ""Near East"" and the location of the final destination of exported crops created?",1930,4,3,False,True,45048
4hop2__160585_39078_8987_8974,Hana Mandlikova was born in Country A that invaded Country B because the military branch that helped Old West's local police was unprepared. Country B was the only communist country to have an embassy where?,Alfredo Stroessner's Paraguay,4,4,True,True,43776
3hop1__847420_720378_15538,"When did the state, that contains the county where Elmo is found, reinstate the death penalty?",1984,3,3,True,True,49055
2hop__81268_85407,What was the 2018 population of the Italian city that's underwater?,"260,897",2,2,True,True,41348
2hop__10620_79092,"The volcano, named after the legendary King featured in Historia Regum Britanniae, last erupted when?",lava samples have been dated at 341 to 335 million years old,2,2,True,True,42145
4hop2__105527_39078_8987_8974,"A country's military branch, the equivalent of which in the US helped the Old West's local police, was unprepared for the invasion of the country that developed the ZH-29. The unprepared country was the only communist country to have an embassy where?",Alfredo Stroessner's Paraguay,4,4,True,True,52582
2hop__13731_801817,Where was Mary's betrothed born?,Nazareth,2,2,True,True,42849
2hop__575188_342798,Who is the child of Mahmoud Mirza's father?,Ahmad Shah Qajar,2,1,False,False,41058
2hop__817096_15463,What company merged in 2002 with the CEMM developer?,Hewlett Packard,2,2,True,True,43710
2hop__530579_13529,When was the father of Diego Sinagra signed by Barcelona?,June 1982,2,2,True,True,46071
3hop2__20335_8533_9331,"What dissolved the privileges of the empire using Pan-Slavism as a political tool, the kingdom acquiring some Thuringian territory or Habsburg Monarchy?",March Constitution of Poland,3,2,False,True,46735
4hop3__754156_88460_30152_20999,How were the people from whom new coins were a proclamation of independence by the Somali Muslim Ajuran Empire expelled from the country between Thailand and A Lim's country?,The dynasty regrouped and defeated the Portuguese,4,4,True,True,49326
2hop__61714_42553,"In The Office, Pam get's together with her husband in which episode?","the season finale, ``The Job, ''",2,2,True,True,49278
3hop1__742464_15840_36014,What was Nintendo's limit on games per developer per year on the platform of Robodemons?,five,3,3,True,True,47316
4hop1__711773_508773_85832_745702,Who's the son of the Italian navigator who explored the eastern coast of the continent Manuel Balbi was born in?,Sebastian Cabot,4,4,True,True,44264
3hop1__358853_339990_15538,"When did the state, that contains the county where Raven Creek is located, reinstate the death penalty?",1984,3,3,True,True,47261
2hop__135963_486257,The scientist that the GHZ experiment is named for is in what field of work?,physic,2,2,True,True,49528
2hop__78766_461854,Who is the spouse of the actor who played Scarlet in Gone with the wind?,Laurence Olivier,2,1,False,False,44195
2hop__263728_705527,Who is the father of the father of Anwer Ali?,Ahmad Shah Bahadur,2,1,False,False,45816
3hop2__92991_28727_76291,When did the political party Alaska generally supports take control of the determiner of rules of the US House and US Senate?,January 2015,3,2,False,False,48781
3hop1__285585_538202_84283,Who is the owner of the record label of the performer of Groovy Little Summer Song?,Warner Music Group,3,3,True,True,40762
3hop1__617062_127905_46894,Who has the lowest batting average in the league that Jim Wilson's team plays for?,Bill Bergen,3,3,True,True,40894
2hop__159816_37168,According to QS World University Rankings where does the university where Hawass graduated rank?,551-600,2,2,True,True,46892
2hop__166824_185403,What league does the team that plays in Stadio Ciro Vigorito play for?,Lega Pro Prima Divisione,2,2,True,True,41866
2hop__235471_565925,What record label did the performer of The Place and the Time belong to?,Columbia Records,2,2,True,True,41998
2hop__156700_73244,Where is the origin of the river that Kraai River is a tributary of?,Thaba Putsoa,2,2,True,True,40380
4hop1__88342_49853_128008_89859,When does the regular season of the league where the team with the most titles from the series after which the MLB MVP award is given out plays?,"March 29, 2018",4,4,True,True,47706
2hop__170823_120171,What year did the publisher of Labyrinth end?,1986,2,2,True,True,43567
2hop__475070_532404,Where was the spouse of Frances Tupper born?,Amherst,2,2,True,True,40336
4hop1__89530_624859_355213_203322,"What county shares a border with the other county, that contains the city, where the singer of Hungry Eyes in the movie Dirty Dancing, was born?",Cabarrus County,4,1,False,False,46570
2hop__744055_408817,Who is the lead singer of the band performing Bang Bang Rock & Roll?,Eddie Argos,2,1,False,False,41397
2hop__92590_43786,Where is the newspaper that originated the term Baby Boomer based?,"Washington, D.C.",2,2,True,True,43297
3hop1__210639_147339_51423,What is the name of the castle in the city where the creator of Scene in the Northwest: Portrait of John Henry Lefroy died?,Casa Loma,3,3,True,True,42964
4hop1__15607_59747_211319_557671,Which county shares a border with the county where the most populous city in the state where armed robbery is a capital crime is located?,Presque Isle County,4,1,False,False,44690
3hop2__802066_223623_162182,"In what region of the country where Châu Đức is found, is the birthplace of John Phan?",South Central Coast,3,3,True,True,42530
2hop__130404_59180,What date saw the writing of the song where the devil went down to the state where WDXQ is located?,"May 21, 1979",2,2,True,True,44002
2hop__684287_78303,what was the name of the producer of Forest Warrior walker texas ranger?,Cordell Walker,2,2,True,True,42081
3hop1__131820_59747_48534,"Who is Grant Park, in the largest city by population in the state where WEKL is found, named after?","Lemuel P. Grant, a successful engineer and businessman",3,3,True,True,42115
3hop1__751782_2053_5289,"What UK label was bought by the broadcast company that, along with ABC and the original network of Undercovers, is one of the major broadcasters based in New York?",Oriole Records.,3,2,False,False,45193
2hop__223823_29905,How many mandatory transmitters of the Canadian Broadcasting Centre's owner were updated before the deadline?,only about half,2,2,True,True,45309
3hop1__140786_2053_52946,"When is Celebrity Big Brother coming to the broadcast company that, along with the network of Just Men!?, and ABC, is one of the major broadcasters based in New York?","February 7, 2018",3,3,True,True,48073
2hop__9238_9237,When did the first mosque in the place where Marshall Islands International Airport is located open?,September 2012,2,2,True,True,48507
3hop1__848113_15840_36002,What were the Genesis's advantages over the system which had a three letter abbreviation and was also the platform for Star Voyager?,built on 16-bit architectures and offered improved graphics and sound,3,3,True,True,48075
3hop1__158848_66089_86107,Which city of the sea linked to another sea that Theodoric was trying to gain access to by attacking Narbo Martius was the main port of Axum?,Adulis,3,3,True,True,44583
2hop__107185_64006,As a result of the black death it is estimated that the population of the country for Bâton à feu was reduced by how much?,30% to 65%,2,2,True,True,46907
2hop__685930_110949,What is the date of birth for the performer of Hits?,11 September 1962,2,0,False,False,42534
2hop__595747_31270,How many miles is Sloan Thomas' birthplace from Nashville?,45,2,2,True,True,41307
3hop2__92991_72083_76291,When did the party who gained control of congress in the midterm elections in 1946 take control of the determiner of rules of the US House and US Senate?,January 2015,3,3,True,True,48548
2hop__13548_13529,When was the person who Messi's goals in Copa del Rey compared to get signed by Barcelona?,June 1982,2,2,True,True,48368
3hop1__145427_106426_157788,What is one railway line in the country the produced The Longest Night in the city where You Wenhui was born?,Yamanote Line loop,3,3,True,True,40944
2hop__29349_92763,What is the enrollment where the first debate between Kerry and Bush took place?,"16,801",2,1,False,False,53816
3hop1__768500_730460_70315,Where did Katrina hit the hardest in the Toussaint performer's birthplace?,the city of New Orleans,3,3,True,True,48477
2hop__123545_47134,Who is the mascot of the university related to Randy Conrads?,Benny Beaver,2,2,True,True,44535
4hop1__473563_309800_355213_203322,Which county shares border with the county having the birth city of the director of Let the Good Times Roll?,Cabarrus County,4,3,False,False,45786
2hop__384238_74735,What song did Paul McCartney write for Sean Lennon's siblings?,``Hey Jude '',2,2,True,True,48872
3hop1__222497_309482_27537,Why did Roncalli leave the place where the composer of Al gran sole carico d'amore worked?,for the conclave in Rome,3,3,True,True,41425
4hop3__312119_132409_146285_35031,"Among the top five largest urban areas in the state where Getting Away with Murder's performer was formed, where does city in which Alexander Golitzen died rank?",third-largest,4,2,False,False,46460
4hop1__391525_49925_13759_736921,Where is the district that the person who wanted to reform and address John Kodwo Amissah's religion preached a sermon on Marian devotion before his death located?,Saxony-Anhalt,4,3,False,False,45838
2hop__144303_483189,What mythology is the city where Eutychides was born in a part of?,Greek mythology,2,2,True,True,39541
2hop__562154_69048,Who is the Chief Judge in the place where DeltaWomen's headquarters in located?,Honorable Justice Abiodun Smith,2,2,True,True,42940
4hop2__9988_158279_70784_61381,When was the region immediately north of the region prevailing with the disgrace of the Near East and the final destination for the export crops established?,1932,4,2,False,False,45593
4hop1__58323_375563_161848_53331,When was the death penalty abolished in the country near the country where the writer of The Book Thief is a citizen of?,1989,4,3,False,True,48874
4hop3__175072_88460_30152_20999,How were the same people who the Somali Muslim Ajuran Empire declared independence from expelled from the natural boundary between Thailand and the country Setthathirath is a citizen of?,The dynasty regrouped and defeated the Portuguese,4,4,True,True,47038
2hop__478978_124498,Who is the father of the performer of Je dis aime?,Louis Chedid,2,2,True,True,39659
2hop__155781_155922,What does the river that Darling Mills Creek turns into flow into?,Sydney Harbour,2,2,True,True,45118
3hop2__855821_223623_162182,In what region of the country where Lam Dong is located is John Phan's birthplace?,South Central Coast,3,2,False,False,36801
2hop__622637_120171,What year did the company that published Starship Command end?,1986,2,1,False,False,44419
2hop__203437_152093,What label was responsible for the performer of Live Life Loud?,Fair Trade Services,2,1,False,False,43101
2hop__20685_712629,Who was the spouse of the British queen?,Philip Mountbatten,2,2,True,True,46819
2hop__35137_22932,Which interpretation of the work of the writer of The Canon of Medicine was taught more in Islamic schools?,al-Razi,2,2,True,True,47750
3hop1__131783_131926_13165,What treaty ceded territory to the US extending west to the body of water by the location of the Minikahda Club?,Treaty of Paris,3,3,True,True,44016
2hop__87589_362941,Where was the founder of the National Women's Party born?,Mount Laurel Township,2,2,True,True,45243
3hop1__79462_91850_685675,What team is the person who hit the first home run at the new stadium where the american league Wildcard game will be played a member of?,New York Yankees,3,3,True,True,42599
3hop2__49541_140712_51068,Who is the actress who played the woman who was the Queen of England in 1890 on the network that produced Monsterpiece Theater?,Jenna - Louise Coleman,3,3,True,True,42142
4hop1__88342_49853_128008_67954,Who was the all-star MVP of the league where the team with the most titles from the event after which they give out the MLB MVP award plays?,Alex Bregman,4,4,True,True,44636
2hop__93230_319887,What institute did the actor playing the voice of John Smith in Pocahontas attend?,National Institute of Dramatic Art,2,1,False,False,43218
2hop__161915_78851,which professional sports team would you not see play a home game in the arena where the last place Cream performed?,Brooklyn Nets NBA,2,2,True,True,44995
2hop__55129_80460,What is the current population in 2017 of the country being the defending champions of champions trophy?,207.77 million people,2,1,False,False,44845
2hop__449673_91104,What is the experimental satellite which was the forerunner to the communication satellite of the operator of the RESOURCESAT-2 called?,ATS - 6 (Applications Technology Satellite - 6),2,2,True,True,47553
2hop__123509_5385,How many people work in the university that is related with Mark F. Green?,"11,900",2,1,False,False,45320
2hop__50432_56873,When did the team that won the 1959 fa cup final beating luton town 2-1 win the fa cup?,1898 and 1959,2,1,False,False,43309
3hop2__88342_93066_90766,When was the last time the team that won the American League East in 2017 and the Dodgers met in the championship event that precedes the MLB MVP award?,1981,3,3,True,True,45648
2hop__67660_81007,Who does the narrator on How I Met Your Mother end up with?,Tracy McConnell,2,2,True,True,47709
3hop1__857241_503371_21711,When was the Palau de la Generalitat constructed in the city where Martin from the region where Erla is located died?,built in the 15th century,3,3,True,True,40257
3hop1__742780_567566_84283,Who owns the record label where the singer of All Right records?,Warner Music Group,3,3,True,True,42376
3hop1__761225_831637_91775,"What does seal stand for in the branch of the U.S. military that operates a list of destroyer classes, as well as containing the rank O-1?","Sea, Air, and Land",3,3,True,True,46101
3hop1__140855_2053_52946,"When is Celebrity Big Brother coming to the network that, along with the original network of Then Came Bronson and ABC, is based in New York?","February 7, 2018",3,3,True,True,47317
2hop__403580_37168,"According to QS World University Rankings, what is the ranking of the place that employed Said Ashour?",551-600,2,2,True,True,46600
2hop__785711_63853,What is the source of the body of water where Augrabies Falls is located?,Thaba Putsoa,2,2,True,True,44874
2hop__159741_161674,What month did the person who retained trust in Longchamp go away to the Holy Land?,October,2,2,True,True,50069
2hop__815205_590407,Where is the headquarters of the organization that the Office of Science Education is a part of?,Bethesda,2,1,False,False,48209
2hop__596188_297986,What administrative territorial entity contains the place where Mycenae House is located?,Royal Borough of Greenwich,2,1,False,True,42380
3hop1__699507_792411_51423,What is the name of the castle in the place where the performer of Dragon Dreams was born?,Casa Loma,3,1,False,False,41571
2hop__445963_6098,Over how many slaves ended up getting emancipated on the birth place of Francis Watson?,800,2,2,True,True,46037
3hop2__92991_27069_76291,When did the party Oklahoma's US Senators come from take control of the body determining the rules of the US House and US Senate?,January 2015,3,3,True,True,48254
2hop__124412_402641,Who is the child of Chiang Hsiao-wen's father?,Chiang Hsiao-wu,2,2,True,True,40055
4hop1__463635_624859_355213_203322,What county shares a border with the county where the birthplace of Tonight You're Mine's performer is located?,Cabarrus County,4,1,False,False,44620
4hop3__131775_29339_508306_70744,"Which has more national championships, university of the state having Fort Hill or university of the state whose primary was won by Edwards besides the state having Ted Wright Stadium?",University of South Carolina,4,4,True,True,42911
3hop1__640171_228453_86925,What is the symbol of the Saints from the city that is the location of Blanton's manufacturer's headquarters called?,fleur - de-lis,3,2,False,False,43512
2hop__421324_97805,Which war did the operator of Finnish coastal defence ship Väinämöinen serve in?,Winter War,2,2,True,True,41917
2hop__67956_463572,What record label does the artist who sang you belong to me belong to?,MGM Records,2,2,True,True,42490
4hop1__152562_5274_458768_33633,When did the explorer reach the city where the headquarters of the only group larger than Vilaiyaadu Mankatha's record label is located?,"August 3, 1769",4,3,False,True,41098
4hop1__131113_59747_211319_557671,Which county shares a border with the county where the most populous city in the state where Washington State Prison can be found is located?,Presque Isle County,4,2,False,False,48713
2hop__35173_17335,When did the person who ended the Archaemenid Empire by conquest in 330 BC die?,323 BC,2,2,True,True,43149
4hop2__161602_474028_88460_20988,For what major conflict is the country on the natural boundary between the country that hosted the tournament and the country where A Don is from known?,one of the world's longest-running ongoing civil wars.,4,2,False,False,50800
2hop__802991_443552,What is the capital of the county where Fort Deposit is located?,Hayneville,2,1,False,False,43807
4hop1__88342_49853_128008_54974,What is the longest home run hit in the league where the team with the most titles from the event after which the MLB MVP is awarded plays?,about 575 feet,4,3,False,True,41806
4hop1__802394_153080_33897_81096,Who won the Indy Car Race in the largest populated city of the state where the performer of Mingus Plays Piano is from?,Mario Andretti,4,4,True,True,44096
2hop__846844_47134,What is the mascot of the school that owns Goss Stadium at Coleman Field?,Benny Beaver,2,2,True,True,40610
3hop1__857_846_7798,What was the overwhelming ethnic majority in the city where the Yongle emperor greeted the person to whom the edict was addressed?,Han nationality,3,3,True,True,45919
3hop1__139862_2053_52946,"When is Celebrity Big Brother coming to the network which, along with ABC and the network which broadcasted Highway to Heaven, is the other major broadcaster based in NY?","February 7, 2018",3,3,True,True,47294
2hop__10017_18974,Who led the military expedition in the province that borders Zhejiang to the south?,Chen Zheng,2,2,True,True,46664
2hop__80860_510545,Who is the spouse of the person who voices Jarvis in the Avengers Age of Ultron?,Jennifer Connelly,2,1,False,False,43045
2hop__448615_127908,What league was the team that Jose Cancela was a member of in?,Major League Soccer,2,1,False,True,41808
2hop__24976_161105,By how many votes did the person the organizers wanted to arrest survive impeachment?,72,2,2,True,True,47386
2hop__552546_70131,Who constituted the free corps in the country that the Free State of Mecklenburg-Schwerin is located in?,consisting largely of World War I veterans,2,2,True,True,42973
4hop1__846600_153080_159767_81096,Who won the Indy car race in the largest city and the capital of the state of origin of the performer of A Modern Jazz Symposium of Music and Poetry?,Mario Andretti,4,4,True,True,42493
3hop1__694534_160088_85460,What is the average salary of a working person of the same nationality as MacGruder and Loud's creator?,"$59,039",3,2,False,False,46384
2hop__778212_22458,"What does the abbreviated name of the organization that includes the Scottish Football Association as a member, stand for?",International Federation of Association Football,2,1,False,True,46762
3hop2__304722_740784_63959,When was the last time Krystian Pearce's sports team beat the winner of the 1894-95 FA Cup?,1 December 2010,3,3,True,True,42812
2hop__543050_245420,Which city shares border with the area having Bella Vista High School?,Citrus Heights,2,1,False,False,41160
2hop__245835_762148,Who is part of the group performing Ask the Fish?,Vince Herman,2,2,True,True,41745
4hop1__752321_153080_33897_81096,Who won the Indy car race in the largest populated city in the state where the Pithecanthropus Erectus performer is from?,Mario Andretti,4,3,False,True,44891
4hop2__9988_729371_70784_61381,"When was the region that lies to the north of what used to be known as the ""Near East"" and the location of Operation Earnest Will established?",1932,4,2,False,False,44935
2hop__83257_19033,Where did the inventor of the Money in the Bank ladder match win in 2008?,Great American Bash,2,2,True,True,44194
2hop__30905_189318,Where did the person who sponsored the resolution to reopen trade with Vietnam along with Kerry go to college?,National War College,2,2,True,True,51080
2hop__33288_157788,What is an example of a railroad line in the country first to invade Manchuria?,Yamanote Line loop,2,2,True,True,43101
3hop1__506062_792411_51423,What is the name of the castle in the place of birth of the performer of When I Was a Boy?,Casa Loma,3,0,False,False,44482
3hop2__668732_223623_162182,In what region of the country where An Phu is located is John Phan's birthplace?,South Central Coast,3,2,False,False,43153
3hop1__568951_567566_84283,Who owns the record label of the Every Turn of the World performer?,Warner Music Group,3,3,True,True,42091
4hop3__238811_88460_30152_20999,New coins by the Somali Muslim Ajuran Empire were a proclamation of independence from a nation. How were the people of that nation expelled from country that borders Thailand and Ban Nampo village's country?,The dynasty regrouped and defeated the Portuguese,4,4,True,True,45204
2hop__249867_557232,Which country is the Desert Forest Golf Club located in?,Maricopa County,2,1,False,False,43596
4hop3__160230_470287_128875_72134,When did the town WLUJ is licensed in become capitol of the state in which a statue of a Latin mother goddess is located?,1839,4,4,True,True,45326
2hop__152052_141308,What company is the label responsible for Don't Let Me Wait Too Long a part of?,Apple Corps,2,1,False,False,45824
4hop2__71753_158985_70784_61381,When was the region immediately north of the region where Israel is located and the site of the most growth in desalination for agricultural use established?,1932,4,2,False,False,43534
4hop1__525129_315334_131926_87157,"What is the direction of flow of the river by the city where the Lots More Blues, Rags and Hollers performer was formed?",rises in northern Minnesota and meanders slowly southwards,4,3,False,True,41513
3hop1__186307_503371_21711,When was the Palau de la Generalitat constructed in the city where Martin from where Jaulin is located died?,built in the 15th century,3,3,True,True,41306
2hop__789565_416401,Who is the child of Empress Dowager Huang's child?,Wang Jipeng,2,2,True,True,40500
2hop__215898_67465,"When did the performer of I Love Life, Thank You release Best Day Ever?","March 11, 2011",2,2,True,True,42046
3hop2__127483_91678_10557,What was the language Auctor comes from during the era of the man crowned first Holy Roman Emperor later known as?,Medieval Latin,3,3,True,True,47597
2hop__543853_124498,Who is the father of the Labo M performer?,Louis Chedid,2,2,True,True,41742
2hop__144317_120065,What year did the city were Hans-Joachim Merker was born end?,1738,2,2,True,True,41873
3hop1__662618_339990_54675,What mountain can you see from Portland in the state where Fishing Creek Confederacy is located?,Tualatin Mountains,3,3,True,True,41476
3hop1__654651_55349_651302,What is the place of birth of who does the voice of stan on the series that Insecurity is part of?,Denver,3,2,False,False,44797
2hop__61714_89309,What was the date that Pam got married in The Office?,"October 8, 2009",2,2,True,True,46337
2hop__159737_27110,During what time span were there findings of habitation in India and the country that withdrew its forces in accordance with the UN resolution of August 1948?,7000–9000 BCE,2,2,True,True,48157
3hop1__617062_127905_48717,Who was the second pick in the 1999 draft of the league Jim Wilson played in?,Josh Beckett,3,3,True,True,46202
2hop__807257_590611,Who is a cast member of the show that contains the character Michael Knight?,Deanna Russo,2,2,True,True,42782
2hop__34594_160249,Between which years was the war with the person who suffered a great amount of losses battling the Roman army?,323–272 BC,2,1,False,False,46132
3hop1__418091_15840_36002,What were Genesis's advantages over the platform that plays Bigfoot?,built on 16-bit architectures and offered improved graphics and sound,3,3,True,True,47084
2hop__685045_19320,What worldwide ranking does the university where Manuel Isaías López was educated hold?,74th,2,2,True,True,43212
2hop__23459_35124,How many books were said to be written by the most influential in Islamic philosophy?,450,2,2,True,True,47390
2hop__72118_83769,Who did the person portraying Batman in the Justice League movie play in Dazed and Confused?,Fred O'Bannion,2,2,True,True,47819
2hop__446324_620302,The author of Elizabeth and After attended which university?,University of Toronto,2,2,True,True,49854
4hop1__9007_698949_157828_162309,When did the country with a co-official language used in the film titled after the city that is the final resting place of Tito first attend the Olympics games?,2016,4,4,True,True,48738
4hop1__277409_49925_13759_736921,"The German priest, who wanted Joseph Strickland's religious denomination to reform, preached a sermon on Marian devotion soon before his death in what German state?",Saxony-Anhalt,4,3,False,False,46280
2hop__847433_11402,"According to the organization that creates census county division, what is the total area in square miles?",17.037 square miles,2,2,True,True,39044
3hop1__312146_720914_27537,Why did Roncali leave the city where the creator of Vanity died?,for the conclave in Rome,3,3,True,True,45919
4hop1__842143_153080_33897_81096,Who won the Indy Car Race in the largest populated city of the state where the performer of Mingus Three is from?,Mario Andretti,4,4,True,True,43001
2hop__23459_35123,What was the lifespan of the most influential figure in Islamic philosophy?,980–1037,2,2,True,True,49092
4hop1__31333_59747_211319_557671,Which county shares a border with the county where the most populous city in the other state that sent Tennessee the most tourists in 2013 is located?,Presque Isle County,4,2,False,False,46059
2hop__354635_174222,What company succeeded the owner of Empire Sports Network?,Time Warner Cable,2,1,False,True,45704
3hop1__418091_15840_36014,What was Nintendo's limit on games per developer per year on the gaming platform with a three letter abbreviation that the game Bigfoot was on?,five,3,3,True,True,47859
2hop__677160_110882,When was the performer of So Nice born?,1 January 1986,2,2,True,True,42418
3hop1__280834_547811_41132,How many times did plague occur in the place where Bajazet's composer was born?,22,3,3,True,True,46276
2hop__83460_456238,This is an instance of who was named commander in chief of texas forces by the new national government of texas National Forest?,United States National Forest,2,2,True,True,44634
2hop__40485_40501,How many refugees emigrated to the European country where Huguenots felt a kinship for emigration?,"75,000 to 100,000",2,2,True,True,48508
4hop1__88342_75218_128008_80286,who has had the most hits in the league that includes the team that has played the most games of the type played just before the league MVP is awarded?,Pete Rose,4,4,True,True,42945
3hop1__743797_443779_52195,"Who is the president of the newly declared independent country, that established the Timor Leste Commission of Truth and Friendship with the country where the Alas is found?",Francisco Guterres,3,3,True,True,43377
2hop__194469_83289,Who is the guy in the One Last Time video by the participant in The Listening Sessions?,Matt Bennett,2,2,True,True,41359
2hop__35566_17873,What happened to Buckingham after the departure of the queen who Martha Ann Ricks presented the famed Liberian coffee tree to?,"palace was seldom used, even neglected",2,2,True,True,45956
2hop__132929_120537,When was the company that makes Skyflash abolished?,30 November 1999,2,2,True,True,44240
4hop1__370129_621192_10659_59955,"What country is between Lithuania and the country many expelled French Jews relocated to, along with the country of citizenship of Marie Antoinette's mother?",Kaliningrad Oblast,4,4,True,True,41851
2hop__766973_770570,What county is Erik Hort's birthplace a part of?,Rockland County,2,1,False,False,40490
3hop2__89854_38738_76291,When did the party that holds the majority in the House of Representatives take control of the branch that gives regulators discretion to prohibit proprietary trades?,January 2015,3,2,False,False,46570
4hop1__788226_32392_823060_610794,The capital of the state where Mary Boykin Chesnut lived borders a city within which county?,Richland County,4,2,False,False,43132
2hop__683835_709167,What award did the author of The Red Tree receive?,Academy Award for Best Animated Short Film,2,1,False,False,44352
2hop__24441_36630,What countries found their economic growth in the period young boys were employed in the glass making industries?,United Kingdom and Prussia,2,1,False,True,46468
2hop__29893_29898,Which affiliate left the company that owns and operates most of the CBC television stations due to an agreement with CHBC?,CFJC-TV in Kamloops,2,2,True,True,45420
3hop1__161433_33952_34099,How long are the council terms in the second largest city in the US state focused by the cross-border transactions committee of the Department of Real Estate?,four-year,3,3,True,True,45093
2hop__38229_84500,What does the name of the topic that Eisenhower didn't discuss during the campaign stand for?,North Atlantic Treaty Organization,2,1,False,True,48679
3hop1__92991_78276_68042,When did the majority party in the body which determines the rules of the US House and US Senate gain control of the House?,the 2010 election,3,3,True,True,51016
2hop__83405_158262,When did the president of the Confederate States of America end his fight in the Mexican-American war?,1848,2,2,True,True,51292
2hop__121145_561444,Who did the creator of Derech Mitzvosecha follow?,Dovber Schneuri,2,2,True,True,43624
3hop1__617062_127905_92225,When is the opening day of the season of the league that Jim Wilson's team plays for?,"March 29, 2018",3,3,True,True,46859
3hop1__726561_132457_51423,What is the name of the castle in the city where the performers of Born A Lion was formed?,Casa Loma,3,2,False,False,41655
3hop1__389069_132457_51423,What is the name of the castle in the city where the performer of Sleep is the Enemy was formed?,Casa Loma,3,1,False,False,41601
2hop__71294_494136,Who is the spouse of the actor who plays the father on I Can Only Imagine?,Meg Ryan,2,1,False,False,40822
2hop__132954_533882,What company was formed after a merger of the company that built ASM-N-5 Gorgon V?,Martin Marietta,2,2,True,True,46254
2hop__94629_1110,In what year was Twilight Princess from the game series on which The Legend of Neil was based originally planned for release?,2005,2,2,True,True,45817
2hop__76314_177869,Who was the spouse of a leading speaker against slavery and publisher of an antislavery newspaper?,Helen Pitts Douglass,2,2,True,True,43228
2hop__810411_159673,"What other film is the cast member of Now You See Him, Now You Don't a character for?",The Hateful Eight,2,1,False,False,46580
2hop__632234_122868,Where did the author of The National Dream go to university?,University of British Columbia,2,1,False,False,47258
2hop__219456_87295,What character in Princess Diaries does the actress play who was also a cast member in On Golden Pond?,Queen dowager Clarisse Renaldi,2,2,True,True,46130
2hop__128342_375952,In which county is the city of KABG located?,Santa Barbara County,2,1,False,False,40496
2hop__632161_643449,Who is the child of the cast member of Ice Bound: A Woman's Survival at the South Pole?,Eva Amurri,2,1,False,False,46712
3hop1__337705_132457_47686,Where do Greyhound buses leave from in the city where the band that recorded the album Never Too Loud formed?,Toronto Coach Terminal,3,3,True,True,43266
2hop__50910_177869,Who married the publisher of abolitionist newspaper The North Star?,Helen Pitts Douglass,2,2,True,True,43285
4hop1__833841_378185_282674_759393,What is the seat of the county sharing a border with the county in which Amy McKenzie was born?,Green Bay,4,4,True,True,48142
2hop__215896_460425,What is the location of formation of the film company distributing The Boss?,Fort Lee,2,1,False,False,42427
2hop__6827_49664,What was the original name of the bank that bought FleetBoston Financial?,Bank of Italy,2,2,True,True,46387
2hop__157602_21567,"In the 14th century, who introduced a system of musical notation used in the area where 3% of Turkey is located?",John Kukuzelis,2,2,True,True,48039
2hop__20536_96912,Who gives out the award named after the person who argued that colonies were redundant?,University of Cambridge,2,2,True,True,45683
4hop3__531933_836463_161616_77103,When did the city where Souvenir's performer was born become the capitol of the state Knowles was from?,1839,4,3,False,True,48599
2hop__488811_30078,What military overran much of Erich Zakowski's place of birth?,Russian troops,2,1,False,False,44705
3hop2__132957_76377_40768,"When did Nissan, the Acura Legend maker and the top selling car brand open US assembly plants?",1981,3,3,True,True,44663
2hop__25788_25839,What is the maximum load drawn by the device that was designed to standardize connection of computer peripherals?,five unit loads,2,2,True,True,47351
4hop2__9988_158985_70784_79935,"When was the kingdom lying immediately to the north of the region prevailing with ""Near East"" disgrace and the region having the most growth in desalination for agricultural use created?",1930,4,4,True,True,46117
3hop1__145411_443779_52195,Who is the president of the newly declared independent country that is part of the Commission of Truth and Friendship with the country where Sumardi was born?,Francisco Guterres,3,3,True,True,43319
2hop__30384_30351,Who did Hay work for after being hired by his other notable influence regarding resource distribution other than Max Weber?,the Austrian government,2,2,True,True,49021
4hop3__601548_836463_161616_77103,When did the birthplace of the Live and Beyond performer become the capitol of the state Knowles was from?,1839,4,4,True,True,46853
3hop1__144678_443779_52195,The Commission of Truth and Friendship established governments for Bustami's birth country and a second country that had who as president after declaring independence?,Francisco Guterres,3,2,False,False,51624
4hop1__342858_131850_33952_34099,How long are the city council terms in the second largest city in the state where Yuma is located?,four-year,4,4,True,True,43306
2hop__168816_144857,In what city was the author of Elephant born?,Clatskanie,2,2,True,True,41562
3hop2__326964_7707_7713,How long had the city considered the nominal capitol of the Republic of China been the capitol city of Yaxing Coach's headquarters location?,about 400 years,3,3,True,True,42731
4hop3__630723_88460_30152_20999,How were people from whom new coins were a proclamation of independence by the Somali Muslim Ajuran Empire expelled from the natural boundary between Thailand and Phommathat's country of citizenship?,The dynasty regrouped and defeated the Portuguese,4,4,True,True,46678
2hop__6827_79845,How many atms does the bank that bought FleetBoston Financial has are there?,"15,900",2,2,True,True,45895
2hop__50936_90973,Who did the original voice of the character that Mila Kunis plays in Family Guy?,Lacey Chabert,2,2,True,True,41874
2hop__157498_127908,What league does the team that uses Dick's Sporting Goods Park play for?,Major League Soccer,2,2,True,True,42805
2hop__82910_75184,Who played the girlfriend of Alex P. Keaton's actor on Family Ties in Back to the Future?,Claudia Wells,2,2,True,True,43031
2hop__107905_110222,When is the date of birth of the creator of A Burial at Ornans?,10 June 1819,2,1,False,False,41595
2hop__846921_160249,What years was Aeacides of Epirus's child at war?,323–272 BC,2,2,True,True,41386
4hop3__507819_88460_30152_20999,How were the same people who the Somali Muslim Ajuran Empire declared independence from expelled from the natural boundary between Thailand and the country where Route 3 is found?,The dynasty regrouped and defeated the Portuguese,4,4,True,True,47064
2hop__66843_494136,Who is the spouse of the actor portraying Jerry Lee Lewis in Great Balls of Fire?,Meg Ryan,2,1,False,False,41180
2hop__860241_766393,What award was received by the person who authored Missing Person?,Nobel Prize in Literature,2,1,False,True,42794
2hop__622308_61845,Who has played for West Ham Ajax and the team from the city where Malcolm Graham died?,Mido,2,2,True,True,41960
2hop__460091_405771,What taxa is Ommatidae part of?,Coleoptera,2,2,True,True,42838
2hop__359312_18803,MV Miralda's owner announced it was in the process of doing what in April 2010?,trying to find a potential buyer for all of its operations in Finland,2,1,False,True,42928
3hop1__635099_131926_87157,What is the direction of flow of the body of water by the city where Write This Down was formed?,rises in northern Minnesota and meanders slowly southwards,3,2,False,True,42409
2hop__655505_110949,What is the Till dom ensamma performer's birth date?,11 September 1962,2,2,True,True,40003
2hop__83800_747874,Who's the sibling of the player who won the men's wimbledon championship 2016?,Jamie Murray,2,2,True,True,44446
2hop__268084_78303,"What was the name of the star of Forced Vengeance in Walter, Texas Ranger?",Cordell Walker,2,2,True,True,42487
2hop__7855_7794,What is the population in 2010 of they city popular with tourists?,8.005 million,2,2,True,True,40705
4hop3__474028_88460_30152_20999,How were people from whom new coins were a proclamation of independence by the Somali Muslim Ajuran Empire expelled from the natural boundary between Thailand and A Don's country?,The dynasty regrouped and defeated the Portuguese,4,4,True,True,46777
3hop1__28527_42197_18397,Where did the arguer that the country in control of Estonia before the Germans had become an imperialist power declare he would intervene in the Korean conflict?,the Politburo,3,3,True,True,45462
3hop2__36852_613770_7713,How long had the city where Qing lost in 1853 been the capital of the administrative territorial entity Guangling District is located?,about 400 years,3,3,True,True,47303
2hop__705035_152093,What label is responsible for the performer of Crazy Love?,Fair Trade Services,2,1,False,False,42225
3hop1__23444_160713_77246,In the Arabic dictionary what is the meaning of the word that also refers to the majority religion in India when the country containing the Neolithic graveyards was created?,the country of India,3,3,True,True,45228
3hop1__243276_42197_18397,Where did the arguer that Norair Sisakian's country of citizenship had itself become an imperialist power declare he would intervene in the Korean conflict?,the Politburo,3,3,True,True,48431
2hop__763380_74735,What song did Paul McCartney write for the person who performed Too Late for Goodbyes?,``Hey Jude '',2,2,True,True,48342
3hop1__365934_87694_124169,What date did the Governor of the city where the basilica named after the same saint as the one that Mantua Cathedral is dedicated to end?,1952,3,3,True,True,45609
3hop1__278222_42197_18397,"Where did the leader who argued that the country of citizenship of Vladimir Lefebvre had become imperialist, declare that he would intervene in the Korean conflict?",the Politburo,3,3,True,True,49247
2hop__581084_828685,"Who employs the author of ""Ravenswood: The Steelworkers' Victory and the Revival of American Labor""?",Cornell University,2,2,True,True,46640
2hop__108158_83769,"Who was played by the creator of Push, Nevada in Dazed and Confused?",Fred O'Bannion,2,2,True,True,44817
2hop__398344_54166,Who many players can play in the game based on the show that Steven the Sword Fighter is part of?,seven,2,2,True,True,43427
4hop1__88342_75218_128008_80487,When is the all-star game of the league whose member played in the most championship series which proceed the MVP award?,"July 11, 2017",4,4,True,True,43250
2hop__71755_463572,What is the record label for the singer who originally sang You Belong To Me.,MGM Records,2,2,True,True,41895
4hop1__131820_59747_211319_557671,Which county shares a border with the county where the most populous city in the state where WEKL operates is located?,Presque Isle County,4,2,False,False,42720
2hop__72686_83769,Who did the actor who played Batman in the new Justice League play in Dazed and Confused?,Fred O'Bannion,2,2,True,True,46373
3hop1__305282_282081_73772,When was the start of the battle of the birthplace of the performer of III?,"December 14, 1814",3,0,False,False,42833
3hop1__140994_2053_5289,"What UK label was bought by the company which, along with ABC and the network which broadcasted Hello, Larry, is the other major broadcaster based in NY?",Oriole Records.,3,3,True,True,43972
2hop__153573_45901,Who did the original voice for the character whose series Mickey's safari in Letterland is from?,Walt Disney,2,2,True,True,44130
4hop1__749363_49925_13759_736921,In what state is the district where the man who wanted to reform the religion practiced by Innocenzo Ferrieri preached a sermon on Marian devotion?,Saxony-Anhalt,4,3,False,False,47407
2hop__136214_483189,The person whom Sikyona is named after is part of what?,Greek mythology,2,2,True,True,41420
3hop1__73796_87694_64412,When did the location of the basilica named after the apostle crucified upside down become its own country?,11 February 1929,3,3,True,True,42234
4hop1__39871_314549_131976_90181,What is the deepest part of the ocean by the state where Main Street Station is located?,Milwaukee Deep,4,2,False,True,45864
2hop__575797_91104,What is the experimental satellite that was the forerunner to communication satellite of the operator of INSAT-4CR called?,ATS - 6 (Applications Technology Satellite - 6),2,2,True,True,46042
3hop1__850160_15840_36002,What were the Genesis's advantage over the platform of Pictionary?,built on 16-bit architectures and offered improved graphics and sound,3,3,True,True,46362
4hop1__131632_32392_823060_610794,What county contains the city with a radio station that broadcasts to the capital city of the state where the Peace center is located?,Richland County,4,3,False,False,41024
2hop__814408_155922,Into what does the river for which Toongabbie Creek serves as the mouth flow?,Sydney Harbour,2,2,True,True,45255
2hop__57638_72467,What team picked the highest point average holder in NBA history in the NBA draft?,Seattle SuperSonics,2,2,True,True,44034
4hop3__746868_88460_30152_20999,How were people from whom new coins were a proclamation of independence by the Somali Muslim Ajuran Empire expelled from the natural boundary between Thailand and Muang Kasi's country?,The dynasty regrouped and defeated the Portuguese,4,4,True,True,46489
2hop__497191_129669,In which district was Alhandra born?,Lisbon District,2,1,False,True,45410
3hop1__21282_692112_236857,In what country is women's football played in the country where the German chancellor criticized by The Sun held citizenship?,GDR,3,3,True,True,49951
2hop__35445_22458,What is the full name of the organization that publishes he Laws of the Game?,International Federation of Association Football,2,2,True,True,45670
4hop1__15567_59747_211319_557671,Which county shares a border with the county where the most populous city in the state that sentenced Demarcus Sears to death is located?,Presque Isle County,4,1,False,False,47448
2hop__800166_156034,What is the river where Long Spruce Generating Station is located a tributary of?,Hudson's Bay,2,1,False,True,43689
3hop1__79039_131926_89261,Where does the body of water by the home of the Juicy Lucy empty into the gulf of Mexico?,the Mississippi River Delta,3,3,True,True,45516
2hop__85325_88165,Who did the person who married their half sister in the bible marry after the death of sarah?,Keturah,2,2,True,True,42111
3hop1__9285_5188_86687,"When did the country the top-ranking Warsaw Pact operatives came from, despite it being headquartered in the country known as the nobilities commonwealth, agree to a unified Germany inside NATO?",May 1990,3,3,True,True,50782
2hop__96812_130869,The Small Cowper Madonna painting is displayed in what state?,"Washington, D.C.",2,2,True,True,42922
2hop__130867_54221,What time of day can you start purchasing alcohol in the state that includes Narraguagus High School?,5am,2,2,True,True,43428
2hop__95970_152907,What city is the star of Sous les pieds des femmes from?,La Goulette,2,1,False,False,38281
3hop2__607269_467331_162182,In what region of the country where Ha Hoa is located is the city where Zone 5 Military Museum is found?,South Central Coast,3,3,True,True,45018
3hop1__617062_127905_67954,Who won the All-Star MVP for the league that the team that Jim Wilson plays for is a part of?,Alex Bregman,3,3,True,True,41712
4hop2__161324_14670_8987_8529,"A country's military branch, the equivalent of which in the US contains the Air Defense Artillery, was unprepared for the invasion of the country occupied by the Nazi's. When was the word ""Slavs"" used in the national anthem of the unprepared country?",1943–1992,4,4,True,True,48657
4hop3__373573_132409_223216_35031,The band Pathology formed in a city whose urban area ranks where by size among the urban areas of the state where the Still Swingin' song's band formed?,third-largest,4,3,False,False,41296
3hop2__132957_593597_40768,"When did the maker of Acura Legend, the manufacturer of Scion Fuse and Nissan open US assembly plants?",1981,3,3,True,True,46090
2hop__77832_159673,The actor who plays copper in Fox and the Hound is a character in which film?,The Hateful Eight,2,1,False,False,43878
2hop__142699_67465,When did the rapper on On and On and Beyond release Best day Ever?,"March 11, 2011",2,2,True,True,42206
2hop__227031_144857,What is the name of the city where Tess Gallagher's spouse was born in?,Clatskanie,2,2,True,True,40109
2hop__256553_617289,Who is the uncle of Liu Bin?,Liu Yin,2,2,True,True,40783
2hop__85993_512508,What was the person who discovered that nuclei of atoms contained neutrons with no charge a participant in?,Manhattan Project,2,2,True,True,46649
4hop2__71753_729371_70784_79935,When was the region that lies to the north of where Israel is located and the location of Operation Earnest Will established?,1930,4,2,False,False,48152
3hop1__90327_83076_319330,Who is the child of the president who suffered a major defeat when the body which approves members of the American cabinet refused to ratify the Versailles treaty?,Jessie Woodrow Wilson,3,3,True,True,48043
2hop__756620_127399,What year did the Leone brothers start their band?,2005,2,2,True,True,42999
3hop1__389761_567566_84283,Who owns the record label of the Another Page performer?,Warner Music Group,3,3,True,True,41799
3hop1__689538_547811_80702,What is the name of the famous bridge in the city where the composer of La costanza trionfante degl'amori e de gl'odii was born?,Rialto Bridge,3,3,True,True,44840
2hop__811015_3300,What season was the performer of Blue Skies on?,season three,2,1,False,False,43364
3hop2__127483_60649_10557,"What was the form of the language Auctor is in, used in the era of the Frankish king who created the Holy Roman Empire, later known as?",Medieval Latin,3,3,True,True,48532
2hop__527400_159673,"This cast member in ""Search for the Gods"" also plays a character in which film?",The Hateful Eight,2,1,False,False,42176
2hop__67660_158861,What actor had the role of the narrator of How I Met Your Mother?,Josh Radnor,2,2,True,True,47533
2hop__683203_72813,Who does the performer of Don't Be Cruel play in the wire?,a Western District uniformed officer,2,2,True,True,42816
3hop1__798544_514761_594810,What record label does the spouse of the performer of Somethin' Bad belong to?,Warner Bros. Records,3,3,True,True,42470
3hop1__639955_834494_33939,What was the 1900 population of the city located within the county that also contains Helvetia?,"7,531",3,3,True,True,39592
2hop__73615_42173,When was the company that abolished the dual system of government in Bengal established?,1599,2,1,False,False,53159
2hop__46550_85990,Who were the leaders of the opposition of the party that controlled the house of representatives in 2002?,"anti-slavery activists, modernizers, ex Whigs and ex Free Soilers",2,2,True,True,47194
2hop__353836_80026,"In Willy Wonka and the Chocolate Factory, who played the character that the band who performs Eight Arms to Hold You is named after?",Julie Dawn Cole,2,2,True,True,47584
3hop1__178435_547811_80702,What is the name of the famous bridge in the birthplace of Gloria in D Major's composer?,Rialto Bridge,3,3,True,True,40669
3hop2__93066_88342_90766,When was the last time the winner of the American League East in 2017 met the Dodgers in the event after which the MLB MVP award is given out?,1981,3,3,True,True,43749
4hop1__629520_49925_13759_736921,In what region of Germany is the district where a sermon on Marian devotion was preached by the man who wanted to reform the religion of Victor Razafimahatratra?,Saxony-Anhalt,4,4,True,True,45612
2hop__204146_850295,Who is the sibling of the author of Kapalkundala?,Sanjib Chandra,2,2,True,True,36838
2hop__167577_31122,What century did the author of A Treatise Concerning the Principles of Human Knowledge live in?,18th,2,2,True,True,49032
2hop__130508_32379,What is the oldest college in the state that contains Borough House Plantation?,College of Charles Towne,2,1,False,False,46247
3hop2__132957_433432_40768,"When did the maker of Acura Legend, the manufacturer of Lexus RX and Nissan open US assembly plants?",1981,3,3,True,True,44923
3hop2__158279_71753_70784,What region is directly north of where Israel and the final destination of export crops is?,Kingdom of Saudi Arabia,3,3,True,True,42312
2hop__488811_30110,What happened to the Curonians who lived in the area where Erich Zakowski was born?,expelled by the Soviet Union,2,2,True,True,41809
4hop1__159467_725495_49925_267352,"In New Zealand, 12.6% of Christians belong to a church that is also active in Lesotho. What movement was led by a man who challenged this church?",German Renaissance,4,3,False,False,46990
2hop__107690_124896,Who was the father of The Portrait of George Dyer Talking's creator?,Nicholas Bacon,2,1,False,False,43209
2hop__452580_70131,Who constituted the free crops in the state having Free State of Brunswick?,consisting largely of World War I veterans,2,1,False,False,45500
2hop__63483_786853,Who is the spouse of the person who plays Batman in the Lego Batman Movie?,Amy Poehler,2,1,False,False,46971
4hop1__842143_153080_159767_81096,Who won the 1993 Indy Car Race in the largest city of the state containing the city where the performer of the album Mingus Three is from?,Mario Andretti,4,4,True,True,42552
3hop1__141138_2053_5289,"What UK label was bought by the company which, along with ABC and the network which broadcasted The Chisholms, is the other major broadcaster based in NY?",Oriole Records.,3,3,True,True,44311
4hop1__88342_75218_128008_48717,Who was second pick in the 1999 draft of the league that has a competition where they give out the MLB MVP award after it?,Josh Beckett,4,4,True,True,44584
2hop__71336_604644,Which record label does the band who sang hey now you're an allstar belong to?,429 Records,2,1,False,False,39763
2hop__386236_350892,Where was Osbert Sitwell's sibling educated?,Eton College,2,2,True,True,43782
4hop1__88342_75218_128008_54974,What is the longest home run hit in the league where the team with the most games in the series after which the MLB MVP is awarded plays?,about 575 feet,4,3,False,True,42084
3hop1__198276_709625_84283,Who is the owner of the record label of the performer of What Kind of Love?,Warner Music Group,3,2,False,True,42330
3hop1__129675_39743_24526,"What is the average daytime temperature in the region where Richmond is found, in the state where WGCK-FM is located?",upper 40s–lower 50s °F,3,3,True,True,43925
3hop1__857_846_7849,What other types of theater performance are seen in the city where the Yongle emperor greeted the person to whom the edict was addressed?,"Suzhou pingtan, spoken theatre and puppet theatre",3,3,True,True,46580
3hop1__377943_650651_7262,"Who was a prominent figure at the radio division of the broadcasting company that created the version of The Biggest Loser: The Final Chance, set in the country containing Labu?",Walter Sabo,3,3,True,True,43795
2hop__53175_548781,What is the birth place of the US president with whose election the republican ascendancy of the 1920's began?,Plymouth Notch,2,2,True,True,50706
2hop__780652_93362,What film features Anil Devgan's sibling?,Yeh Raaste Hain Pyaar Ke,2,1,False,False,34996
2hop__207476_625987,"Who is the grandmother of Philippe, Duke of Orléans?",Marie de' Medici,2,2,True,True,40184
2hop__2613_59409,The rapper who owns Aspiro was inspired by what when writing Song Cry?,three different relationships he had in the past,2,2,True,True,42285
2hop__199513_801817,What is the birthplace of the person after whom São José dos Campos was named?,Nazareth,2,1,False,False,43152
2hop__72660_319330,Who is the child of the first person who gave in person state of the union?,Jessie Woodrow Wilson,2,2,True,True,45417
3hop1__28841_547811_41132,How many times did the plague occur in the birth place of Concerto in C Major Op 3 6's composer?,22,3,3,True,True,42749
2hop__753260_71701,When did the Japanese get to Liang Jiahong's birthplace and the rest of Guangdong?,November 5,2,2,True,True,41252
4hop1__443274_17130_70784_61381,When was the region that lies to the north of the country where Sar-El is located and the Persian Gulf established?,1932,4,4,True,True,47845
2hop__16844_20510,When was the entity that was dissolved after the Indian Rebellion in 1857 chartered?,1600,2,2,True,True,50027
